{"accuracy": 0.9623824451410659, "precision": 0.9634887717884322, "recall": 0.9623824451410659, "f1_score": 0.9625481366879256, "confusion_matrix": [[168, 6, 5], [0, 135, 5], [1, 7, 311]]}